case_id,alert_type,investigation_summary,evidence_found,analyst_decision,containment_decision,case_outcome,lesson_learned,source
PAST001,Suspicious Login,"Multiple failed logins followed by login from new IP","Authentication logs showed repeated failures and unfamiliar IP","Escalated for senior review","No immediate containment","Confirmed Suspicious","Verify authentication history and source IP before taking action","Past Investigation"
PAST002,Suspicious Login,"Login occurred from a previously unseen location","New IP and location change detected","User activity verified","Continue Monitoring","Benign Activity","Confirm whether location change is legitimate","Past Investigation"
PAST003,Brute Force,"Repeated failed authentication attempts detected","Multiple failed login events from same source","Account activity investigated","Account Disablement after approval","Confirmed Attack","Correlate failed attempts with successful login events","Past Investigation"
PAST004,New IP,"User authenticated from unfamiliar source IP","IP reputation and authentication logs reviewed","Escalated for review","No immediate containment","Benign Activity","Check IP reputation and previous login history","Past Investigation"
PAST005,Endpoint Anomaly,"Suspicious process activity detected on endpoint","Process activity and endpoint security logs","Endpoint isolated after approval","Endpoint Isolation","Confirmed Malware","Collect endpoint evidence before isolation","Past Investigation"
PAST006,Email Anomaly,"Suspicious email with malicious-looking attachment","Sender, attachment and URL evidence collected","Email escalated for review","No immediate containment","Confirmed Phishing","Inspect sender, URLs and attachments","Past Investigation"
PAST007,Cloud Anomaly,"Unusual cloud account activity detected","Cloud audit logs showed unexpected access","Senior analyst review completed","Account Access Restricted after approval","Confirmed Suspicious","Review cloud audit logs and permission changes","Past Investigation"
PAST008,Suspicious Login,"Evidence was incomplete during investigation","Authentication logs were missing","Investigation stopped","No Containment","Blocked Investigation","Do not make containment decisions when required evidence is missing","Past Investigation"
PAST009,Suspicious Login,"Two security sources provided conflicting information","Authentication and endpoint logs disagreed","Manual review requested","No Containment","Pending Review","Conflicting evidence requires human review","Past Investigation"
PAST010,Brute Force,"Repeated login failures but no successful login","Authentication logs showed failed attempts only","Continued monitoring after investigation","Continue Monitoring","Benign Activity","Repeated failures alone should be evaluated with supporting evidence","Past Investigation"